Flight Number,DEP. ICAO,ARR ICAO,Aircraft,Route Type,Duration,Rank,Notes
SU9910,UUEE,ZKPY,B77W,Passenger,,Cadet,
SU1220,UUEE,UWGG,"A320,A321",Passenger,0:50,,
SU1224,UUEE,UWGG,A320,,0:50,,
SU1226,UUEE,UWGG,"A320,A20N",,0:50,,
SU1221,UWGG,UUEE,"A320,A321",,0:55,,
SU1225,UWGG,UUEE,A320,,0:55,,
SU1227,UWGG,UUEE,"A320,A20N",,0:55,,
SU39,ULLI,UUEE,B738,,1:00,,
SU1544,UUEE,UWPP,A320,,1:00,,
SU13,ULLI,UUEE,"A320,A321,A21N",,1:05,,
SU14,UUEE,ULLI,"A320,A321",,1:05,,
SU38,UUEE,ULLI,B738,,1:05,,
SU1268,UUEE,UWKD,"A320,A20N,A321,B738",,1:05,,
SU1370,UUEE,UUOB,A320,,1:05,,
SU1371,UUOB,UUEE,A320,,1:05,,
SU1830,UUEE,UMMS,"A320,B738",,1:05,,
SU1842,UUEE,UMMS,"A320,A20N,A321,B738",,1:05,,
SU1843,UMMS,UUEE,"A320,A20N,A321,B738",,1:05,,
SU1190,UUEE,UWKD,"A320,A20N,A321,B738",,1:10,,
SU1192,UUEE,UWKD,"A320,A20N,A321,A21N,B738",,1:10,,
SU1194,UUEE,UWKD,"A320,A321",,1:10,,
SU1198,UUEE,UWKD,"A320,A321",,1:10,,
SU1270,UUEE,UWKD,"A320,A321",,1:10,,
SU1276,UUEE,UWKD,"A320,A20N,A321,B738",,1:10,,
SU1278,UUEE,UWKD,"A320,A321",,1:10,,
SU1286,UUEE,UWLL,"A320,A321,B738",,1:10,,
SU1288,UUEE,UWLL,"A320,A321",,1:10,,
SU1290,UUEE,UWKD,"A320,A20N,A321",,1:10,,
SU1388,UUEE,UWLL,A320,,1:10,,
SU1831,UMMS,UUEE,"A320,B738",,1:10,,
SU1832,UUEE,UMMS,"A320,A321",,1:10,,
SU1834,UUEE,UMMS,A320,,1:10,,
SU1835,UMMS,UUEE,A320,,1:10,,
SU2958,URSS,URML,A320,,1:10,,
SU2959,URML,URSS,A320,,1:10,,
SU1210,UUEE,UWWW,"A320,A321",,1:15,,
SU1218,UUEE,UWWW,"A320,A321,B738",,1:15,,
SU1289,UWLL,UUEE,"A320,A321",,1:15,,
SU1545,UWPPP,UUEE,A320,,1:15,,
SU1833,UMMS,UUEE,"A320,A321",,1:15,,
SU774,URSS,UDYZ,A320,,1:20,,
SU775,UDYZ,URSS,A320,,1:20,,
SU1193,UWKD,UUEE,"A320,A20N,A321,A21N,B738",,1:20,,
SU1195,UWKD,UUEE,"A320,A321",,1:20,,
SU1199,UWKD,UUEE,"A320,A321",,1:20,,
SU1212,UUEE,UWWW,"A320,A20N,A321,B738",,1:20,,
SU1214,UUEE,UWWW,"A320,A321",,1:20,,
SU1216,UUEE,UWWW,"A320,A321",,1:20,,
SU1252,UUEE,UWKE,A320,,1:20,,
SU1271,UWKD,UUEE,"A320,A321",,1:20,,
SU1277,UWKD,UUEE,"A320,A20N,A321,B738",,1:20,,
SU1279,UWKD,UUEE,"A320,A321",,1:20,,
SU1287,UWLL,UUEE,"A320,A321,B738",,1:20,,
SU1356,UUEE,UWSG,"A320,A321",,1:20,,
SU1357,UWSG,UUEE,"A320,A321",,1:20,,
SU1358,UUEE,UWSG,"A320,A20N,A321",,1:20,,
SU1359,UWSG,UUEE,"A320,A20N,A321",,1:20,,
SU1389,UWLL,UUEE,A320,,1:20,,
SU1604,UUEE,UWWW,"A320,A321,A21N",,1:20,,
SU1684,UUEE,UWWW,"A320,B738",,1:20,,
SU2104,UUEE,EYVI,A320,,1:20,,
SU2105,EYVI,UUEE,A320,,1:20,,
SU2845,UMKK,ULLI,A302,,1:20,,
SU614,URSS,UDYZ,A320,,1:25,,
SU615,UDYZ,URSS,A320,,1:25,,
SU1250,UUEE,UWKE,"A320,A321,B738",,1:25,,
SU1269,UWKD,UUEE,"A320,A20N,A321,B738",,1:25,,
SU1291,UWKD,UUEE,"A320,A20N,A321",,1:25,,
SU1390,UUEE,UUYY,"A320,A20N,B738",,1:25,,
SU1602,UUEE,UWWW,"A320,A20N,A321",,1:25,,
SU1680,UUEE,UWKE,"A320,A321,A21N,B738",,1:25,,
SU606,URMM,UDYZ,A320,,1:30,,
SU607,UDYZ,URMM,A320,,1:30,,
SU1183,URWW,UUEE,"A320,A321",,1:30,,
SU1184,UUEE,URWW,"A320,A321,B738",,1:30,,
SU1186,UUEE,URWW,A320,,1:30,,
SU1187,URWW,UUEE,A320,,1:30,,
SU1188,UUEE,URWW,"A320,A321",,1:30,,
SU1191,UWKD,UUEE,"A320,A20N,A321,B738",,1:30,,
SU1215,UWWW,UUEE,"A320,A321",,1:30,,
SU1217,UWWW,UUEE,"A320,A321",,1:30,,
SU1219,UWWW,UUEE,"A320,A321,B738",,1:30,,
SU1254,UUEE,UWKE,"A320,A321,A21N,B738",,1:30,,
SU1292,UUEE,USII,"A320,A321,B738",,1:30,,
SU1296,UUEE,USII,"A320,A321",,1:30,,
SU1396,UUEE,UUYY,"A320,A20N",,1:30,,
SU1603,UWWW,UUEE,"A320,A20N,A321",,1:30,,
SU1605,UWWW,UUEE,"A320,A321,A21N",,1:30,,
SU2842,ULLI,UMKK,A320,,1:30,,
SU2843,UMKK,ULLI,A320,,1:30,,
SU2862,ULLI,ULMM,A320,,1:30,,
SU752,URSS,LTAI,A320,,1:35,,
SU753,LTAI,URSS,A320,,1:35,,
SU1182,UUEE,URWW,"A320,A321",,1:35,,
SU1185,URWW,UUEE,"A320,A321,B738",,1:35,,
SU1189,URWW,UUEE,"A320,A321",,1:35,,
SU1211,UWWW,UUEE,"A320,A321",,1:35,,
SU1213,UWWW,UUEE,"A320,A20N,A321,B738",,1:35,,
SU1251,UWKE,UUEE,"A320,A321,B738",,1:35,,
SU1253,UWKE,UUEE,A320,,1:35,,
SU1255,UWKE,UUEE,"A320,A321,A21N,B738",,1:35,,
SU1397,UUYY,UUEE,"A320,A20N",,1:35,,
SU1681,UWKE,UUEE,"A320,A321,A21N,B738",,1:35,,
SU1685,UWWW,UUEE,"A320,B738",,1:35,,
SU1758,UUEE,URWW,"A320,A321",,1:35,,
SU1759,URWW,UUEE,"A320,A321",,1:35,,
SU760,URSS,LTFE,A320,,1:40,,
SU761,LTFE,URSS,A320,,1:40,,
SU1200,UUEE,USPP,"A320,A20N,A321",,1:40,,
SU1230,UUEE,UWUU,"A320,A321,B738",,1:40,,
SU1232,UUEE,UWUU,"A320,A20N,A321,B738",,1:40,,
SU1234,UUEE,UWUU,"A320,A321,B738",,1:40,,
SU1258,UUEE,UWUU,A320,,1:40,,
SU1260,UUEE,UWUU,"A320,A321,A21N",,1:40,,
SU1262,UUEE,UWUU,"A320,A321,B738",,1:40,,
SU1297,USII,UUEE,"A320,A321",,1:40,,
SU1350,UUEE,UUOO,"A320,SU95",,1:40,,
SU1351,UUOO,UUEE,"A320,SU95",,1:40,,
SU1391,UUYY,UUEE,"A320,A20N,B738",,1:40,,
SU1394,UUEE,USPP,"A320,A321",,1:40,,
SU1424,UUEE,UWUU,"A320,A321",,1:40,,
SU1656,UUEE,USPP,"A320,A321",,1:40,,
SU1768,UUEE,USPP,"A320,A321,A21N,B738",,1:40,,
SU2863,ULMM,ULLI,A320,,1:40,,
SU1236,UUEE,UWUU,A320,,1:45,,
SU1242,UUEE,UWOO,"A320,A321",,1:45,,
SU1244,UUEE,UWOO,"A320,A20N,A321,B738",,1:45,,
SU1293,USII,UUEE,"A320,A321,B738",,1:45,,
SU2100,UUEE,EVRA,A320,,1:45,,
SU2101,EVRA,UUEE,A320,,1:45,,
SU766,URSS,LTBS,A320,,1:50,,
SU767,LTBS,URSS,A320,,1:50,,
SU1246,UUEE,UWOO,"A320,A20N,B738",,1:50,,
SU1248,UUEE,UWOO,"A320,A20N,A321,B738",,1:50,,
SU1425,UWUU,UUEE,"A320,A321",,1:50,,
SU2200,UUEE,EFHK,A320,,1:50,,
SU2201,EFHK,UUEE,A320,,1:50,,
SU2844,ULLI,UMKK,A302,,1:50,,
SU1201,USPP,UUEE,"A320,A20N,A321",,1:55,,
SU1231,UWUU,UUEE,"A320,A321,B738",,1:55,,
SU1233,UWUU,UUEE,"A320,A20N,A321,B738",,1:55,,
SU1235,UWUU,UUEE,"A320,A321,B738",,1:55,,
SU1237,UWUU,UUEE,A320,,1:55,,
SU1259,UWUU,UUEE,A320,,1:55,,
SU1261,UWUU,UUEE,"A320,A321,A21N",,1:55,,
SU1263,UWUU,UUEE,"A320,A321,B738",,1:55,,
SU1347,ULMK,UUEE,A320,,1:55,,
SU1395,USPP,UUEE,"A320,A321",,1:55,,
SU1406,UUEE,USSS,"A320,A321,A333,B738",,1:55,,
SU1408,UUEE,USSS,B738,,1:55,,
SU1418,UUEE,USSS,"A320,A20N,A321,B738",,1:55,,
SU1432,UUEE,USSS,B738,,1:55,,
SU1436,UUEE,USSS,"A320,A321,B738",,1:55,,
SU1657,USPP,UUEE,"A320,A321",,1:55,,
SU1769,USPP,UUEE,"A320,A321,A21N,B738",,1:55,,
SU608,URKK,UDYZ,A320,,2:00,,
SU609,UDYZ,URKK,A320,,2:00,,
SU1020,UUEE,USSS,"A320,A321,B738",,2:00,,
SU1092,UUEE,USCC,"A320,A321",,2:00,,
SU1100,UUEE,URKK,"A320,A21N,B738",,2:00,,
SU1101,URKK,UUEE,"A320,A21N,B738",,2:00,,
SU1154,UUEE,URRP,"A320,A321",,2:00,,
SU1155,URRP,UUEE,"A320,A321",,2:00,,
SU1245,UWOO,UUEE,"A320,A20N,A321,B738",,2:00,,
SU1247,UWOO,UUEE,"A320,A20N,B738",,2:00,,
SU1317,ULMM,UUEE,"A320,A20N,A321,B738",,2:00,,
SU1327,ULMM,UUEE,"A320,A20N,A321,A21N",,2:00,,
SU1346,UUEE,ULMK,A320,,2:00,,
SU1400,UUEE,USSS,"A320,A20N,A321,B738",,2:00,,
SU1402,UUEE,USSS,"A320,A20N,A321,A21N",,2:00,,
SU1404,UUEE,USSS,"A320,A20N,A321,A333,B738",,2:00,,
SU1410,UUEE,USSS,"A320,A321",,2:00,,
SU1412,UUEE,USSS,"A320,A321,A21N",,2:00,,
SU1414,UUEE,USSS,"A320,A20N,A321,A21N",,2:00,,
SU1416,UUEE,USSS,"A320,A321,B738",,2:00,,
SU1420,UUEE,USCC,"A320,A20N,A321,A21N,B738",,2:00,,
SU1422,UUEE,USCC,"A320,A321,A21N,B738",,2:00,,
SU1428,UUEE,USCM,"A320,A321",,2:00,,
SU1434,UUEE,USCM,A320,,2:00,,
SU1532,UUEE,USCC,"A320,A321,A21N",,2:00,,
SU1060,UUEE,UWOR,A320,,2:05,,
SU1243,UWOO,UUEE,"A320,A321",,2:05,,
SU1249,UWOO,UUEE,"A320,A20N,A321,B738",,2:05,,
SU1316,UUEE,ULMM,"A320,A20N,A321,B738",,2:05,,
SU1319,ULMM,UUEE,"A320,A20N,A321,B738",,2:05,,
SU1321,ULMM,UUEE,"A320,A20N,A321",,2:05,,
SU1325,ULMM,UUEE,"A320,A321,B738",,2:05,,
SU1332,UUEE,ULAA,A320,,2:05,,
SU1333,ULAA,UUEE,A320,,2:05,,
SU1334,UUEE,ULAA,A320,,2:05,,
SU1335,ULAA,UUEE,A320,,2:05,,
SU1426,UUEE,USCC,"A320,A321,A21N",,2:05,,
SU1794,UUEE,USCC,A320,,2:05,,
SU1958,UUEE,UATG,A320,,2:05,,
SU2000,UUEE,EPWA,A320,,2:05,,
SU2001,EPWA,UUEE,A320,,2:05,,
SU2868,ULLI,USPP,A320,,2:05,,
SU612,UDYZ,URRP,A320,,2:10,,
SU613,URRP,UDYZ,A320,,2:10,,
SU1003,UMKK,UUEE,"A320,A321,A21N",,2:10,,
SU1017,UMKK,UUEE,"A320,A321",,2:10,,
SU1025,UMKK,UUEE,A320,,2:10,,
SU1072,UUEE,UMKK,A320,,2:10,,
SU1073,UMKK,UUEE,A320,,2:10,,
SU1142,UUEE,URKA,A320,,2:10,,
SU1143,URKA,UUEE,A320,,2:10,,
SU1174,UUEE,URWA,"A320,A321,B738",,2:10,,
SU1318,UUEE,ULMM,"A320,A20N,A321,B738",,2:10,,
SU1320,UUEE,ULMM,"A320,A20N,A321",,2:10,,
SU1326,UUEE,ULMM,"A320,A20N,A321,A21N",,2:10,,
SU1330,UUEE,ULAA,A320,,2:10,,
SU1331,ULAA,UUEE,A320,,2:10,,
SU1429,USCM,UUEE,"A320,A321",,2:10,,
SU1642,UUEE,URWA,"A320,A20N,A321",,2:10,,
SU1648,UUEE,URWA,A320,,2:10,,
SU1678,UUEE,URWA,"A320,A20N,A321,B738",,2:10,,
SU2496,UUEE,EKCH,A320,,2:10,,
SU2497,EKCH,UUEE,A320,,2:10,,
SU1001,UMKK,UUEE,"A320,A321,A21N",,2:15,,
SU1002,UUEE,UMKK,"A320,A321,A21N",,2:15,,
SU1005,UMKK,UUEE,"A320,A321,A21N",,2:15,,
SU1007,UMKK,UUEE,"A320,A321,A21N",,2:15,,
SU1009,UMKK,UUEE,"A320,A321",,2:15,,
SU1010,UUEE,UMKK,"A320,A321,A21N",,2:15,,
SU1011,UMKK,UUEE,"A320,A321,A21N",,2:15,,
SU1012,UUEE,UMKK,"A320,A321,A21N",,2:15,,
SU1013,UMKK,UUEE,"A320,A321,A21N",,2:15,,
SU1016,UUEE,UMKK,"A320,A321",,2:15,,
SU1018,UUEE,UMKK,"A320,A321",,2:15,,
SU1019,UMKK,UUEE,"A320,A321",,2:15,,
SU1172,UUEE,URWA,"A320,A20N,A321,B738",,2:15,,
SU1324,UUEE,ULMM,"A320,A321,B738",,2:15,,
SU1401,USSS,UUEE,"A320,A20N,A321,B738",,2:15,,
SU1407,USSS,UUEE,"A320,A321,A333,B738",,2:15,,
SU1411,USSS,UUEE,"A320,A321",,2:15,,
SU1415,USSS,UUEE,"A320,A20N,A321,A21N",,2:15,,
SU1417,USSS,UUEE,"A320,A321,B738",,2:15,,
SU1419,USSS,UUEE,"A320,A20N,A321,B738",,2:15,,
SU1500,UUEE,USTR,"A320,A20N,A321,B738",,2:15,,
SU1502,UUEE,USTR,"A320,A20N,A321,B738",,2:15,,
SU1568,UUEE,USTR,"A320,A321,B738",,2:15,,
SU1649,URWA,UUEE,A320,,2:15,,
SU2210,UUEE,ESSA,"A320,B738",,2:15,,
SU2211,ESSA,UUEE,"A320,B738",,2:15,,
SU1000,UUEE,UMKK,"A320,A321,A21N",,2:20,,
SU1004,UUEE,UMKK,"A320,A321,A21N",,2:20,,
SU1006,UUEE,UMKK,"A320,A321,A21N",,2:20,,
SU1008,UUEE,UMKK,"A320,A321,A21N",,2:20,,
SU1014,UUEE,UMKK,"A320,A321",,2:20,,
SU1015,UMKK,UUEE,"A320,A321",,2:20,,
SU1024,UUEE,UMKK,A320,,2:20,,
SU1403,USSS,UUEE,"A320,A20N,A321,A21N",,2:20,,
SU1405,USSS,UUEE,"A320,A20N,A321,A333,B738",,2:20,,
SU1409,USSS,UUEE,B738,,2:20,,
SU1413,USSS,UUEE,"A320,A321,A21N",,2:20,,
SU1421,USCC,UUEE,"A320,A20N,A321,A21N,B738",,2:20,,
SU1423,USCC,UUEE,"A320,A321,A21N,B738",,2:20,,
SU1427,USCC,UUEE,"A320,A321,A21N",,2:20,,
SU1435,USCM,UUEE,A320,,2:20,,
SU1437,USSS,UUEE,"A320,A321,B738",,2:20,,
SU1504,UUEE,USTR,"A320,A20N",,2:20,,
SU1506,UUEE,USTR,"A320,A20N,A321",,2:20,,
SU1533,USCC,UUEE,"A320,A321,A21N",,2:20,,
SU1679,URWA,UUEE,"A320,A20N,A321,B738",,2:20,,
SU1795,USCC,UUEE,A320,,2:20,,
SU2822,URMM,UWKD,A320,,2:20,,
SU2869,USPP,ULLI,A320,,2:20,,
SU1061,UWOR,UUEE,A320,,2:25,,
SU1080,UUEE,URKG,"A320,A20N",,2:25,,
SU1081,URKG,UUEE,"A320,A20N",,2:25,,
SU1093,USCC,UUEE,"A320,A321",,2:25,,
SU1175,URWA,UUEE,"A320,A321,B738",,2:25,,
SU1433,USSS,UUEE,B738,,2:25,,
SU1643,URWA,UUEE,"A320,A20N,A321",,2:25,,
SU710,ULLI,EDDH,A320,,2:30,,
SU711,EDDH,ULLI,A320,,2:30,,
SU844,UUOO,UDYZ,A320,,2:30,,
SU845,UDYZ,UUOO,A320,,2:30,,
SU1021,USSS,UUEE,"A320,A321,B738",,2:30,,
SU1056,UUEE,URML,"A320,A20N,A321",,2:30,,
SU1173,URWA,UUEE,"A320,A20N,A321,B738",,2:30,,
SU1382,UUEE,USHH,"A320,A321,A21N",,2:30,,
SU1384,UUEE,USHH,"A320,B738",,2:30,,
SU1497,URMG,UUEE,"A320,A20N,B738",,2:30,,
SU1959,UATG,UUEE,A320,,2:30,,
SU2031,LHBP,UUEE,A321,,2:30,,
SU2852,ULLI,UWOO,A320,,2:30,,
SU2906,UWKD,URKA,A320,,2:30,,
SU2907,URKA,UWKD,A320,,2:30,,
SU1050,UUEE,URML,"A320,A20N,A321,B738",,2:35,,
SU1051,URML,UUEE,"A320,A20N,A321,B738",,2:35,,
SU1052,UUEE,URML,A320,,2:35,,
SU1054,UUEE,URML,"A320,A20N",,2:35,,
SU1058,UUEE,URML,"A320,A20N,A321",,2:35,,
SU1499,URMG,UUEE,"A320,A20N,B738",,2:35,,
SU2819,UWUU,URMM,A320,,2:35,,
SU2824,URMM,UWWW,A320,,2:35,,
SU2825,UWWW,URMM,A320,,2:35,,
SU2864,URKA,UWUU,A320,,2:35,,
SU2865,UWUU,URKA,A320,,2:35,,
SU826,URKK,UMMS,A320,,2:40,,
SU827,UMMS,URKK,A320,,2:40,,
SU1053,URML,UUEE,A320,,2:40,,
SU1055,URML,UUEE,"A320,A20N",,2:40,,
SU1057,URML,UUEE,"A320,A20N,A321",,2:40,,
SU1059,URML,UUEE,"A320,A20N,A321",,2:40,,
SU1315,URMM,UUEE,"A320,A321",,2:40,,
SU1339,URMM,UUEE,"A320,A321",,2:40,,
SU1496,UUEE,URMG,"A320,A20N,B738",,2:40,,
SU1498,UUEE,URMG,"A320,A20N,B738",,2:40,,
SU1503,USTR,UUEE,"A320,A20N,A321,B738",,2:40,,
SU1505,USTR,UUEE,"A320,A20N",,2:40,,
SU1507,USTR,UUEE,"A320,A20N,A321",,2:40,,
SU1580,UUEE,URFF,"A320,A20N,A321,A333,B738,B77W",,2:40,,
SU1581,URFF,UUEE,"A320,A20N,A321,A333,B738,B77W",,2:40,,
SU1954,UUEE,UATE,A320,,2:40,,
SU2818,URMM,UWUU,A320,,2:40,,
SU2853,UWOO,ULLI,A320,,2:40,,
SU2950,UWKD,URKK,A320,,2:40,,
SU2951,URKK,UWKD,A320,,2:40,,
SU778,URSS,LTFM,A320,,2:45,,
SU779,LTFM,URSS,A320,,2:45,,
SU1303,URMM,UUEE,"A320,A20N,A321",,2:45,,
SU1311,URMM,UUEE,"A320,A20N,A321",,2:45,,
SU1345,URMM,UUEE,A321,,2:45,,
SU1501,USTR,UUEE,"A320,A20N,A321,B738",,2:45,,
SU1510,UUEE,USRR,"A320,A20N,A321,A21N",,2:45,,
SU1512,UUEE,USRR,"A320,A20N,A321",,2:45,,
SU1569,USTR,UUEE,"A320,A321,B738",,2:45,,
SU1854,UUEE,UBBB,"A321,B738",,2:45,,
SU2823,UWKD,URMM,A320,,2:45,,
SU2934,URSS,UWKD,A320,,2:45,,
SU1301,URMM,UUEE,"A320,A321",,2:50,,
SU1305,URMM,UUEE,"A20N,A321,B738",,2:50,,
SU1313,URMM,UUEE,"A320,A20N,A321,B738",,2:50,,
SU1337,URMM,UUEE,A320,,2:50,,
SU1363,URMT,UUEE,A320,,2:50,,
SU1364,UUEE,URMT,"A320,A20N,B738",,2:50,,
SU1365,URMT,UUEE,"A320,A20N,B738",,2:50,,
SU1383,USHH,UUEE,"A320,A321,A21N",,2:50,,
SU1516,UUEE,USRR,"A320,A20N",,2:50,,
SU1636,UUEE,UNOO,"A320,A20N,B738",,2:50,,
SU1637,UUEE,UNOO,"A320,A20N,A321,B738",,2:50,,
SU1828,UUEE,UBBG,A320,,2:50,,
SU1856,UUEE,UBBB,A320,,2:50,,
SU1876,UUEE,UTSB,"A320,A20N",,2:50,,
SU1955,UATE,UUEE,A320,,2:50,,
SU1956,UUEE,UACC,"A320,A321,B738",,2:50,,
SU1966,UUEE,UDYZ,"A320,A321,B738",,2:50,,
SU2030,UUEE,LHBP,A321,,2:50,,
SU2090,UUEE,LYBE,"A320,A321,A21N,A333",,2:50,,
SU2091,LYBE,UUEE,"A320,A321,A21N,A333",,2:50,,
SU2344,UUEE,EDDC,"A320,SU95",,2:50,,
SU2345,EDDC,UUEE,"A320,SU95",,2:50,,
SU2816,URMM,USSS,A320,,2:50,,
SU2834,ULLI,URSS,A320,,2:50,,
SU2932,URSS,UWUU,A320,,2:50,,
SU2948,UWKD,URFF,A320,,2:50,,
SU2949,URFF,UWKD,A320,,2:50,,
SU2956,URSS,UWWW,A320,,2:50,,
SU2957,UWWW,URSS,A320,,2:50,,
SU1115,URSS,UUEE,A321,,2:55,,
SU1300,UUEE,URMM,"A320,A321",,2:55,,
SU1304,UUEE,URMM,"A20N,A321,B738",,2:55,,
SU1314,UUEE,URMM,"A320,A321",,2:55,,
SU1336,UUEE,URMM,A320,,2:55,,
SU1362,UUEE,URMT,A320,,2:55,,
SU1367,URMT,UUEE,"A320,B738",,2:55,,
SU1844,UUEE,LUKK,A320,,2:55,,
SU1845,LUKK,UUEE,A320,,2:55,,
SU1850,UUEE,UBBB,B738,,2:55,,
SU1869,UDYZ,UUEE,"A321,B738",,2:55,,
SU1960,UUEE,UDSG,A320,,2:55,,
SU1961,UDSG,UUEE,A320,,2:55,,
SU1962,UUEE,UACC,"A320,A321,B738",,2:55,,
SU2010,UUEE,LKPR,"A321,B738",,2:55,,
SU2011,LKPR,UUEE,"A321,B738",,2:55,,
SU2034,UUEE,LROP,SU95,,2:55,,
SU2035,LROP,UUEE,SU95,,2:55,,
SU2820,URMM,USPP,A320,,2:55,,
SU2838,ULLI,LYBE,A320,,2:55,,
SU2839,LYBE,ULLI,A320,,2:55,,
SU2854,ULLI,USTJ,"A320,SU95",,2:55,,
SU2855,USTJ,ULLI,"A320,SU95",,2:55,,
SU600,ULLI,LDZA,A320,,3:00,,
SU601,LDZA,ULLI,A320,,3:00,,
SU617,UDYZ,USSS,B738,,3:00,,
SU764,URSS,OMDW,A320,,3:00,,
SU765,OMDW,URSS,A320,,3:00,,
SU1302,UUEE,URMM,"A320,A20N,A321",,3:00,,
SU1310,UUEE,URMM,"A320,A20N,A321",,3:00,,
SU1312,UUEE,URMM,"A320,A20N,A321,B738",,3:00,,
SU1338,UUEE,URMM,"A320,A321",,3:00,,
SU1366,UUEE,URMT,"A320,B738",,3:00,,
SU1385,USHH,UUEE,"A320,B738",,3:00,,
SU1472,UUEE,USNN,"A320,A20N,A321,A21N,B738",,3:00,,
SU1522,UUEE,USMU,"A320,A321,A21N",,3:00,,
SU1646,UUEE,USNN,"A320,A321,B738",,3:00,,
SU1762,UUEE,UNOO,"A320,A20N,A321,B738",,3:00,,
SU1851,UBBB,UUEE,B738,,3:00,,
SU1857,UBBB,UUEE,A320,,3:00,,
SU1964,UUEE,UDYZ,B738,,3:00,,
SU1968,UUEE,UDYZ,B738,,3:00,,
SU2050,UUEE,LYPG,A321,,3:00,,
SU2051,LYPG,UUEE,A321,,3:00,,
SU2866,UNKL,USTR,B738,,3:00,,
SU2867,USTR,UNKL,B738,,3:00,,
SU2910,USPP,URKA,A320,,3:00,,
SU2911,URKA,USPP,A320,,3:00,,
SU2954,USCC,URKA,A320,,3:00,,
SU2955,URKA,USCC,A320,,3:00,,
SU832,USSS,UCFL,A320,,3:05,,
SU833,UCFL,USSS,A320,,3:05,,
SU1045,URSS,UUEE,A320,,3:05,,
SU1078,UUEE,URMS,A320,,3:05,,
SU1079,URMS,UUEE,A320,,3:05,,
SU1119,URSS,UUEE,"A20N,A321,B77W",,3:05,,
SU1133,URSS,UUEE,"A320,A321",,3:05,,
SU1139,URSS,UUEE,"A321,A21N",,3:05,,
SU1141,URSS,UUEE,"A320,A321",,3:05,,
SU1151,URSS,UUEE,"A321,B738",,3:05,,
SU1153,URSS,UUEE,"A320,A321,A21N",,3:05,,
SU1344,UUEE,URMM,A321,,3:05,,
SU1520,UUEE,USMU,"A320,A20N,A321,A21N",,3:05,,
SU1855,UBBB,UUEE,"A321,B738",,3:05,,
SU1865,UDYZ,UUEE,"A21N,A333,B738",,3:05,,
SU1866,UUEE,UDYZ,"A320,A321,B738",,3:05,,
SU1868,UUEE,UDYZ,"A321,B738",,3:05,,
SU1936,UUEE,UAKK,"A320,B738",,3:05,,
SU1965,UDYZ,UUEE,B738,,3:05,,
SU1969,UDYZ,UUEE,B738,,3:05,,
SU1986,UUEE,UACC,A333,,3:05,,
SU2174,UUEE,ENGM,A320,,3:05,,
SU2175,ENGM,UUEE,A320,,3:05,,
SU2482,UUEE,LIPX,"A320,SU95",,3:05,,
SU2483,LIPX,UUEE,"A320,SU95",,3:05,,
SU2935,UWKD,URSS,A320,,3:05,,
SU685,UDYZ,USSS,B738,,3:10,,
SU1111,URSS,UUEE,"A20N,A321",,3:10,,
SU1123,URSS,UUEE,"A321,A21N",,3:10,,
SU1125,URSS,UUEE,"A20N,A321,A21N",,3:10,,
SU1127,URSS,UUEE,"A320,A321,A21N",,3:10,,
SU1131,URSS,UUEE,A320,,3:10,,
SU1135,URSS,UUEE,"A321,B738",,3:10,,
SU1137,URSS,UUEE,"A321,A21N,B738",,3:10,,
SU1511,USRR,UUEE,"A320,A20N,A321,A21N",,3:10,,
SU1513,USRR,UUEE,"A320,A20N,A321",,3:10,,
SU1517,USRR,UUEE,"A320,A20N",,3:10,,
SU1611,URSS,UUEE,"A320,A20N,A321",,3:10,,
SU1829,UBBG,UUEE,A320,,3:10,,
SU1860,UUEE,UDYZ,B738,,3:10,,
SU1861,UDYZ,UUEE,B738,,3:10,,
SU1862,UUEE,UDYZ,B738,,3:10,,
SU1864,UUEE,UDYZ,"A21N,A333,B738",,3:10,,
SU1867,UDYZ,UUEE,"A320,A321,B738",,3:10,,
SU2040,UUEE,LDZA,A320,,3:10,,
SU2041,LDZA,UUEE,A320,,3:10,,
SU2154,UUEE,EDDL,A321,,3:10,,
SU2155,EDDL,UUEE,A321,,3:10,,
SU2192,UUEE,EHAM,"A320,A20N",,3:10,,
SU2193,EHAM,UUEE,"A320,A20N",,3:10,,
SU2314,UUEE,EDDB,"A320,A321,B738",,3:10,,
SU2315,EDDB,UUEE,"A320,A321,B738",,3:10,,
SU2346,UUEE,EDDH,A320 B738,,3:10,,
SU2347,EDDH,UUEE,A320 B738,,3:10,,
SU2424,UUEE,LIPE,"A320,B738",,3:10,,
SU2425,LIPE,UUEE,"A320,B738",,3:10,,
SU2817,USSS,URMM,A320,,3:10,,
SU2821,USPP,URMM,A320,,3:10,,
SU2914,URSS,USPP,A320,,3:10,,
SU2933,UWUU,URSS,A320,,3:10,,
SU2940,UWUU,URFF,A320,,3:10,,
SU2941,URFF,UWUU,A320,,3:10,,
SU2952,URSS,USCC,A320,,3:10,,
SU2953,USCC,URSS,A320,,3:10,,
SU616,URSS,UDYZ,B738,,3:15,,
SU684,URSS,UDYZ,B738,,3:15,,
SU1117,URSS,UUEE,"A320,A321,A21N,A333,A359,B738,B77W",,3:15,,
SU1122,UUEE,URSS,"A321,A21N,B77W,A333",,3:15,,
SU1129,URSS,UUEE,"A320,A321",,3:15,,
SU1177,URSS,UUEE,"A321,A21N",,3:15,,
SU1763,UNOO,UUEE,"A320,A20N,A321,B738",,3:15,,
SU1890,UUEE,UTTT,"A333,A359",,3:15,,
SU1987,UACC,UUEE,A333,,3:15,,
SU2052,UUEE,LYTV,B738,,3:15,,
SU2053,LYTV,UUEE,B738,,3:15,,
SU2056,UUEE,LDDU,"A321,A333",,3:15,,
SU2057,LDDU,UUEE,"A321,A333",,3:15,,
SU2300,UUEE,EDDF,"A320,A321,B738,B77W",,3:15,,
SU2301,EDDF,UUEE,"A320,A321,B738,B77W",,3:15,,
SU2322,UUEE,EDDM,"A321,B738",,3:15,,
SU2323,EDDM,UUEE,"A321,B738",,3:15,,
SU2342,UUEE,EDDV,"A320,SU95",,3:15,,
SU2343,EDDV,UUEE,"A320,SU95",,3:15,,
SU2452,UUEE,LFPG,"A320,A321",,3:15,,
SU2453,LFPG,UUEE,"A320,A321",,3:15,,
SU2610,UUEE,LJLJ,A321,,3:15,,
SU2611,LJLJ,UUEE,A321,,3:15,,
SU2859,URML,ULLI,A320,,3:15,,
SU2922,ULAA,URKA,A320,,3:15,,
SU2923,URKA,ULAA,A320,,3:15,,
SU1031,URSS,UUEE,"A320,A321,B738",,3:20,,
SU1037,URSS,UUEE,"A320,A321",,3:20,,
SU1124,UUEE,URSS,"A20N,A321,A21N",,3:20,,
SU1521,USMU,UUEE,"A320,A20N,A321,A21N",,3:20,,
SU1523,USMU,UUEE,"A320,A321,A21N",,3:20,,
SU1863,UDYZ,UUEE,B738,,3:20,,
SU1950,UUEE,UAII,A320,,3:20,,
SU1967,UDYZ,UUEE,"A320,A321,B738",,3:20,,
SU1976,UUEE,UTNU,"A320,A20N",,3:20,,
SU2046,UUEE,LDSP,A320,,3:20,,
SU2047,LDSP,UUEE,A320,,3:20,,
SU2060,UUEE,LBSF,"A320,B738",,3:20,,
SU2061,LBSF,UUEE,"A320,B738",,3:20,,
SU2158,UUEE,LBWN,SU95,,3:20,,
SU2159,LBWN,UUEE,SU95,,3:20,,
SU2184,UUEE,LOWW,"A321,B738",,3:20,,
SU2185,LOWW,UUEE,"A321,B738",,3:20,,
SU2336,UUEE,EDDS,A320,,3:20,,
SU2337,EDDS,UUEE,A320,,3:20,,
SU2827,URMM,ULLI,A320,,3:20,,
SU2835,URSS,ULLI,A320,,3:20,,
SU2919,USSS,URSS,A320,,3:20,,
SU2926,UWOO,URFF,A320,,3:20,,
SU2927,URFF,UWOO,A320,,3:20,,
SU1041,URSS,UUEE,"A320,A321,B738",,3:25,,
SU1308,UUEE,UNNT,B738,,3:25,,
SU1462,UUEE,UNNT,"A320,A20N,A321,B738",,3:25,,
SU1473,USNN,UUEE,"A320,A20N,A321,A21N,B738",,3:25,,
SU1638,UNOO,UUEE,"A320,A20N,A321,B738",,3:25,,
SU1647,USNN,UUEE,"A320,A321,B738",,3:25,,
SU1870,UUEE,UTTT,"A320,A333,A359,B738,B77W",,3:25,,
SU1974,UUEE,UTTT,B738,,3:25,,
SU2878,UNKL,UHBB,B738,,3:25,,
SU2879,UHBB,UNKL,B738,,3:25,,
SU2900,USTR,URKA,A320,,3:25,,
SU2901,URKA,USTR,A320,,3:25,,
SU2930,USSS,URFF,A320,,3:25,,
SU2931,URFF,USSS,A320,,3:25,,
SU514,UUEE,OIIE,A321,,3:30,,
SU735,HESH,ULLI,A333,,3:30,,
SU834,USRR,UCFL,A320,,3:30,,
SU835,UCFL,USRR,A320,,3:30,,
SU1306,UUEE,UNNT,"A320,A20N,A321,A21N,A333,B738",,3:30,,
SU1460,UUEE,UNNT,"A320,A20N,A321,A21N,B738",,3:30,,
SU1529,URSS,UUEE,"A320,A321",,3:30,,
SU1536,UUEE,UNTT,"A320,A321,B738",,3:30,,
SU1548,UUEE,UNNT,"A320,A20N,A321,A21N,B738,B77W",,3:30,,
SU1872,UUEE,UTTT,B738,,3:30,,
SU1874,UUEE,UTSS,B738,,3:30,,
SU1878,UUEE,UTSS,"A320,B738",,3:30,,
SU1880,UUEE,UCFM,A321,,3:30,,
SU1886,UUEE,UCFM,"A321,A359",,3:30,,
SU2168,UUEE,EBBR,B738,,3:30,,
SU2169,EBBR,UUEE,B738,,3:30,,
SU2840,ULLI,URFF,A320,,3:30,,
SU2841,URFF,ULLI,A320,,3:30,,
SU2858,ULLI,URML,A320,,3:30,,
SU1530,UUEE,UNTT,"A321,A21N,B738",,3:35,,
SU1538,UUEE,UNTT,B738,,3:35,,
SU1636,UNOO,UUEE,"A320,A20N,B738",,3:35,,
SU1882,UUEE,UCFM,A321,,3:35,,
SU1957,UACC,UUEE,"A320,A321,B738",,3:35,,
SU1970,UUEE,UTFF,B738,,3:35,,
SU2918,URSS,USSS,A320,,3:35,,
SU2928,URSS,UNOO,A320,,3:35,,
SU2929,UNOO,URSS,A320,,3:35,,
SU2944,USPP,URFF,A320,,3:35,,
SU2945,URFF,USPP,A320,,3:35,,
SU2960,URSS,USSS,A320,,3:35,,
SU2961,USSS,URSS,A320,,3:35,,
SU1430,UUEE,UNBB,"A320,A20N,A321",,3:40,,
SU1894,UUEE,UCFO,"A321,A21N",,3:40,,
SU1898,UUEE,UCFO,"A321,A21N",,3:40,,
SU1963,UACC,UUEE,"A320,A321,B738",,3:40,,
SU1977,UTNU,UUEE,"A320,A20N",,3:40,,
SU2826,ULLI,URMM,A320,,3:40,,
SU2828,ULLI,URMM,A320,,3:40,,
SU2831,ULLI,URSS,A320,,3:40,,
SU2915,USPP,URSS,A320,,3:40,,
SU511,OLBA,UUEE,"A20N,B738",,3:45,,
SU515,OIIE,UUEE,A321,,3:45,,
SU1450,UUEE,UNEE,"A320,A20N,A321,A21N",,3:45,,
SU1940,UUEE,UAAA,"A320,A321,A333",,3:45,,
SU2058,UUEE,LDPL,A320,,3:45,,
SU2059,LDPL,UUEE,A320,,3:45,,
SU2379,LFML,UUEE,A320,,3:45,,
SU2380,UUEE,LSGG,A321,,3:45,,
SU2381,LSGG,UUEE,A321,,3:45,,
SU2400,UUEE,LIRF,"A320,A321",,3:45,,
SU2401,LIRF,UUEE,"A320,A321",,3:45,,
SU2422,UUEE,LIPZ,A320,,3:45,,
SU2423,LIPZ,UUEE,A320,,3:45,,
SU2572,UUEE,EGLL,"A320,A321,B738,B77W",,3:45,,
SU2573,EGLL,UUEE,"A320,A321,B738,B77W",,3:45,,
SU2829,URMM,ULLI,A320,,3:45,,
SU714,ULLI,UBBB,A320,,3:50,,
SU715,UBBB,ULLI,A320,,3:50,,
SU1456,UUEE,UNEE,"A320,A20N,A321",,3:50,,
SU1458,UUEE,UNWW,"A320,A20N,A321,B738",,3:50,,
SU1524,UUEE,UNBG,"A321,B738",,3:50,,
SU1937,UAKK,UUEE,"A320,B738",,3:50,,
SU2070,UUEE,LCLK,"A321,B77W",,3:50,,
SU2071,LCLK,UUEE,"A321,B77W",,3:50,,
SU2145,LTAI,UUEE,"A333,B77W",,3:50,,
SU2156,UUEE,LBBG,SU95,,3:50,,
SU2157,LBBG,UUEE,SU95,,3:50,,
SU2410,UUEE,LIMC,"A321,B738",,3:50,,
SU2411,LIMC,UUEE,"A321,B738",,3:50,,
SU2805,URSS,ULLI,A320,,3:50,,
SU2815,URSS,ULLI,A320,,3:50,,
SU2874,ULLI,UNNT,A320,,3:50,,
SU2966,UUYY,URFF,A320,,3:50,,
SU2967,URFF,UUYY,A320,,3:50,,
SU796,UWWW,LTAI,B738,,3:55,,
SU797,LTAI,UWWW,B738,,3:55,,
SU1942,UUEE,UAAA,"A320,A321",,3:55,,
SU2830,URSS,ULLI,A320,,3:55,,
SU705,EDDF,UWKD,A321,,4:00,,
SU822,USSS,UMMS,A320,,4:00,,
SU823,UMMS,USSS,A320,,4:00,,
SU1096,UUEE,UNWW,B738,,4:00,,
SU1480,UUEE,UNKL,"A320,A20N,A321,A21N",,4:00,,
SU1946,UUEE,UAAA,A320,,4:00,,
SU2139,LTFM,UUEE,B738,,4:00,,
SU2153,LTAF,UUEE,"A320,A20N",,4:00,,
SU2360,UUEE,LFMN,A320,,4:00,,
SU2361,LFMN,UUEE,A320,,4:00,,
SU2374,UUEE,LFLL,"A320,A321",,4:00,,
SU2375,LFLL,UUEE,"A320,A321",,4:00,,
SU2518,UUEE,LEPA,A321,,4:00,,
SU2519,LEPA,UUEE,A321,,4:00,,
SU2964,USRR,URKK,A320,,4:00,,
SU2965,URKK,USRR,A320,,4:00,,
SU795,LTAI,UWKD,B738,,4:05,,
SU801,LTAI,UWGG,B738,,4:05,,
SU1478,UUEE,UNAA,"A320,A20N,A321",,4:05,,
SU1482,UUEE,UNKL,"A320,A321,B738",,4:05,,
SU1484,UUEE,UNKL,"A320,A20N,A321,B738",,4:05,,
SU1486,UUEE,UNKL,"A320,A20N,A321,A333,A359,B738",,4:05,,
SU1488,UUEE,UNKL,"A320,A20N,A321",,4:05,,
SU1549,UNNT,UUEE,"A320,A20N,A321,A21N,B738,B77W",,4:05,,
SU1871,UTTT,UUEE,"A320,A333,A359,B738,B77W",,4:05,,
SU1877,UTSB,UUEE,"A320,A20N",,4:05,,
SU1984,UUEE,UTSS,B738,,4:05,,
SU1985,UTSS,UUEE,B738,,4:05,,
SU2173,LTFM,UUEE,"A320,A321,B738",,4:05,,
SU2804,ULLI,URSS,A320,,4:05,,
SU2814,ULLI,URSS,A320,,4:05,,
SU604,ULLI,UTNU,A320,,4:10,,
SU799,LTAI,UWUU,B738,,4:10,,
SU1307,UNNT,UUEE,"A320,A20N,A321,A21N,A333,B738",,4:10,,
SU1461,UNNT,UUEE,"A320,A20N,A321,A21N,B738",,4:10,,
SU1879,UTSS,UUEE,"A320,B738",,4:10,,
SU2110,UUEE,LGAV,A321 B77W,,4:10,,
SU2111,LGAV,UUEE,A321 B77W,,4:10,,
SU2135,LTFM,UUEE,"A320,A333,B738,B77W",,4:10,,
SU2149,LTAI,UUEE,"A333,B77W",,4:10,,
SU2171,LTFM,UUEE,B738,,4:10,,
SU2378,UUEE,LFML,A320,,4:10,,
SU2390,UUEE,LSZH,"A321,B738",,4:10,,
SU2391,LSZH,UUEE,"A321,B738",,4:10,,
SU2480,UUEE,LIRN,"A320,SU95",,4:10,,
SU2481,LIRN,UUEE,"A320,SU95",,4:10,,
SU2942,USTR,URFF,A320,,4:10,,
SU2943,URFF,USTR,A320,,4:10,,
SU631,LTFM,USSS,B738,,4:15,,
SU838,UNKL,UTSS,B738,,4:15,,
SU839,UTSS,UNKL,B738,,4:15,,
SU1309,ULLI,UUEE,B738,,4:15,,
SU1431,UNBB,UUEE,"A320,A20N,A321",,4:15,,
SU1463,UNNT,UUEE,"A320,A20N,A321,B738",,4:15,,
SU1537,UNTT,UUEE,"A320,A321,B738",,4:15,,
SU1873,UTTT,UUEE,B738,,4:15,,
SU1875,UTSS,UUEE,B738,,4:15,,
SU1891,UTTT,UUEE,"A333,A359",,4:15,,
SU1892,UUEE,UCFL,"A320,A20N",,4:15,,
SU1893,UCFL,UUEE,"A320,A20N",,4:15,,
SU2902,USTR,URKK,A320,,4:15,,
SU2903,URKK,USTR,A320,,4:15,,
SU2920,ULMM,URSS,A320,,4:15,,
SU2921,URSS,ULMM,A320,,4:15,,
SU605,UTNU,ULLI,A320,,4:20,,
SU704,UWKD,EDDF,A321,,4:20,,
SU1531,UNTT,UUEE,"A321,A21N,B738",,4:20,,
SU2806,ULLI,UNKL,A320,,4:20,,
SU2807,UNKL,ULLI,A320,,4:20,,
SU794,UWKD,LTAI,B738,,4:25,,
SU798,UWUU,LTAI,B738,,4:25,,
SU800,UWGG,LTAI,B738,,4:25,,
SU836,UNKL,UTSB,B738,,4:25,,
SU837,UTSB,UNKL,B738,,4:25,,
SU1451,UNEE,UUEE,"A320,A20N,A321,A21N",,4:25,,
SU1457,UNEE,UUEE,"A320,A20N,A321",,4:25,,
SU1539,UNTT,UUEE,B738,,4:25,,
SU1883,UCFM,UUEE,A321,,4:25,,
SU1887,UCFM,UUEE,"A321,A359",,4:25,,
SU2131,LTFM,UUEE,B738,,4:25,,
SU2133,LTFM,UUEE,"A321,B738",,4:25,,
SU2137,LTFM,UUEE,B738,,4:25,,
SU2141,LTFM,UUEE,B738,,4:25,,
SU2152,UUEE,LTAF,"A320,A20N",,4:25,,
SU2170,UUEE,LTFM,B738,,4:25,,
SU2590,UUEE,EIDW,A320,,4:25,,
SU2591,EIDW,UUEE,A320,,4:25,,
SU2875,UNNT,ULLI,A320,,4:25,,
SU2908,UNNT,URKK,A320,,4:25,,
SU2909,URKK,UNNT,A320,,4:25,,
SU793,LTAI,USSS,B738,,4:30,,
SU1899,UCFO,UUEE,"A321,A21N",,4:30,,
SU1951,UAII,UUEE,A320,,4:30,,
SU2134,UUEE,LTFM,"A320,A333,B738,B77W",,4:30,,
SU2146,UUEE,LTAI,"A320,A20N,A333,B738,B77W",,4:30,,
SU2504,UUEE,LEBL,"A320,A321",,4:30,,
SU2505,LEBL,UUEE,"A320,A321",,4:30,,
SU2870,ULLI,UTSS,A320,,4:30,,
SU2871,UTSS,ULLI,A320,,4:30,,
SU2880,URSS,UUYY,A320,,4:30,,
SU2881,UUYY,URSS,A320,,4:30,,
SU2968,ULMM,URFF,A320,,4:30,,
SU1459,UNWW,UUEE,"A320,A20N,A321,B738",,4:35,,
SU1881,UCFM,UUEE,A321,,4:35,,
SU2143,LTAI,UUEE,"A20N,A359,B738",,4:35,,
SU2147,LTAI,UUEE,"A320,A20N,A333,B738,B77W",,4:35,,
SU2150,UUEE,LTBJ,B738,,4:35,,
SU2151,LTBJ,UUEE,B738,,4:35,,
SU808,LTAI,UNNT,B738,,4:40,,
SU1097,UNWW,UUEE,B738,,4:40,,
SU1525,UNBG,UUEE,"A321,B738",,4:40,,
SU1975,UTTT,UUEE,B738,,4:40,,
SU2121,LTFE,UUEE,B738,,4:40,,
SU2125,LTAI,UUEE,"A321,A333,B738,B77W",,4:40,,
SU2130,UUEE,LTFM,B738,,4:40,,
SU2132,UUEE,LTFM,"A321,B738",,4:40,,
SU2138,UUEE,LTFM,B738,,4:40,,
SU2140,UUEE,LTFM,B738,,4:40,,
SU2142,UUEE,LTAI,"A20N,A359,B738",,4:40,,
SU2851,LCPH,ULLI,A320,,4:40,,
SU792,USSS,LTAI,B738,,4:45,,
SU1483,UNKL,UUEE,"A320,A321,B738",,4:45,,
SU1895,UCFO,UUEE,"A321,A21N",,4:45,,
SU1947,UAAA,UUEE,A320,,4:45,,
SU2123,LTBS,UUEE,"A20N,B738",,4:45,,
SU2136,UUEE,LTFM,B738,,4:45,,
SU423,HEGN,UUEE,"A333,B77W",,4:50,,
SU520,UUEE,OMDB,"A333,B77W",,4:50,,
SU789,LTAI,ULLI,B738,,4:50,,
SU1481,UNKL,UUEE,"A320,A20N,A321,A21N",,4:50,,
SU1485,UNKL,UUEE,"A320,A20N,A321,B738",,4:50,,
SU1487,UNKL,UUEE,"A320,A20N,A321,A333,A359,B738",,4:50,,
SU1943,UAAA,UUEE,"A320,A321",,4:50,,
SU2118,UUEE,LTFE,B738,,4:50,,
SU2119,LTFE,UUEE,B738,,4:50,,
SU2522,UUEE,LEAL,B738,,4:50,,
SU2523,LEAL,UUEE,B738,,4:50,,
SU526,UUEE,OMDB,"A333,B738,B77W",,4:55,,
SU630,USSS,LTFM,B738,,4:55,,
SU1479,UNAA,UUEE,"A320,A20N,A321",,4:55,,
SU1489,UNKL,UUEE,"A320,A20N,A321",,4:55,,
SU2120,UUEE,LTFE,B738,,4:55,,
SU2122,UUEE,LTBS,"A20N,B738",,4:55,,
SU417,GMMN,UUEE,"A20N,A333",,5:00,,
SU522,UUEE,OMDW,B738,,5:00,,
SU524,UUEE,OMDB,B738,,5:00,,
SU1440,UUEE,UIII,B738,,5:00,,
SU530,UUEE,OMAA,B738,,5:05,,
SU723,LTFM,ULLI,B738,,5:05,,
SU1444,UUEE,UIII,B738,,5:05,,
SU1564,UUEE,UIII,B738,,5:05,,
SU1941,UAAA,UUEE,"A320,A321,A333",,5:05,,
SU1971,UTFF,UUEE,B738,,5:05,,
SU2172,UUEE,LTFM,"A320,A321,B738",,5:05,,
SU2606,UUEE,LPPT,B738,,5:05,,
SU721,UTTT,ULLI,A320,,5:10,,
SU842,UNNT,UDYZ,B738,,5:10,,
SU843,UDYZ,UNNT,B738,,5:10,,
SU1442,UUEE,UIII,B738,,5:10,,
SU1562,UUEE,UIII,B738,,5:10,,
SU2946,UNNT,URFF,A320,,5:10,,
SU2947,URFF,UNNT,A320,,5:10,,
SU521,OMDB,UUEE,"A333,B77W",,5:15,,
SU788,ULLI,LTAI,B738,,5:15,,
SU2848,UNKL,URKK,B738,,5:15,,
SU2849,URKK,UNKL,B738,,5:15,,
SU2850,ULLI,LCPH,A320,,5:15,,
SU416,UUEE,GMMN,"A20N,A333",,5:20,,
SU525,OMDB,UUEE,B738,,5:20,,
SU722,ULLI,LTFM,B738,,5:20,,
SU803,LTAI,UNNT,B738,,5:20,,
SU232,UUEE,VIDP,"A333,A359,B77W",,5:25,,
SU527,OMDB,UUEE,"A333,B738,B77W",,5:25,,
SU700,ULLI,UCFL,A320,,5:25,,
SU790,ULLI,LTAI,B738,,5:25,,
SU791,LTAI,ULLI,B738,,5:25,,
SU400,UUEE,HECA,B738,,5:30,,
SU401,HECA,UUEE,B738,,5:30,,
SU2076,UUEE,LCPH,B738,,5:30,,
SU2077,LCPH,UUEE,B738,,5:30,,
SU2502,UUEE,LEVC,A20N,,5:30,,
SU2503,LEVC,UUEE,A20N,,5:30,,
SU602,ULLI,UTFN,A320,,5:35,,
SU603,UTFN,ULLI,A320,,5:35,,
SU2520,UUEE,LEMG,B738,,5:35,,
SU2521,LEMG,UUEE,B738,,5:35,,
SU422,UUEE,HEGN,"A333,B77W",,5:40,,
SU427,HESH,UUEE,"A333,B77W",,5:40,,
SU807,UNNT,LTAI,B738,,5:40,,
SU330,UUEE,ZMCK,B738,,5:45,,
SU426,UUEE,HESH,"A333,B77W",,5:45,,
SU528,UUEE,OMSJ,B738,,5:45,,
SU529,OMSJ,UUEE,B738,,5:45,,
SU531,OMAA,UUEE,B738,,5:45,,
SU701,UCFL,ULLI,A320,,5:45,,
SU2500,UUEE,LEMD,"A20N,B738",,5:45,,
SU2501,LEMD,UUEE,"A20N,B738",,5:45,,
SU2607,LPPT,UUEE,B738,,5:45,,
SU428,UUEE,HESH,B738,,5:50,,
SU523,OMDW,UUEE,B738,,5:50,,
SU645,VTBS,UHWW,"B738,B77W",,5:50,,
SU658,UIII,VTSP,B738,,5:50,,
SU2896,UNKL,URSS,B738,,5:50,,
SU2897,URSS,UNKL,B738,,5:50,,
SU424,UUEE,HEGN,B738,,5:55,,
SU425,HEGN,UUEE,B738,,5:55,,
SU510,UUEE,OLBA,"A20N,B738",,5:55,,
SU659,VTSP,UIII,B738,,5:55,,
SU1565,UIII,UUEE,B738,,5:55,,
SU429,HESH,UUEE,B738,,6:00,,
SU1443,UIII,UUEE,B738,,6:00,,
SU1447,UIII,UUEE,B738,,6:00,,
SU1563,UIII,UUEE,B738,,6:00,,
SU1441,UIII,UUEE,B738,,6:05,,
SU1445,UIII,UUEE,B738,,6:05,,
SU1750,UUEE,UEEE,B738,,6:05,,
SU1752,UUEE,UEEE,B738,,6:05,,
SU500,UUEE,LLBG,"A321,A333,B738,B77W",,6:10,,
SU501,LLBG,UUEE,"A321,A333,B738,B77W",,6:10,,
SU632,USSS,VOGO,B738,,6:10,,
SU633,VOGO,USSS,B738,,6:10,,
SU733,HEGN,ULLI,A333,,6:15,,
SU1753,UEEE,UUEE,B738,,6:15,,
SU233,VIDP,UUEE,"A333,A359,B77W",,6:20,,
SU734,ULLI,HESH,A333,,6:20,,
SU802,UNNT,LTAI,B738,,6:20,,
SU814,UNKL,VTBS,"A333,B738",,6:20,,
SU644,UHWW,VTBS,"B738,B77W",,6:25,,
SU639,VTSP,UHWW,B77W,,6:30,,
SU646,UNNT,VTBS,"A333,B738",,6:30,,
SU650,UNNT,VTBS,"A333,B738",,6:30,,
SU660,UIII,VTSP,"A321,A21N",,6:30,,
SU661,VTSP,UIII,"A321,A21N",,6:30,,
SU204,UUEE,ZBAD,B77W,,6:35,,
SU815,VTBS,UNKL,"A333,B738",,6:35,,
SU654,UHHH,VTBS,A333,,6:40,,
SU331,ZMCK,UUEE,B738,,6:45,,
SU634,UNKL,VTSP,B77W,,6:45,,
SU635,VTSP,UNKL,B77W,,6:45,,
SU638,UHWW,VTSP,B77W,,6:45,,
SU655,VTBS,UHHH,A333,,6:45,,
SU720,ULLI,UTTT,A320,,6:45,,
SU1710,UUEE,UHHH,"A333,A359,B77W",,6:45,,
SU1714,UUEE,UHHH,"A359,B77W",,6:45,,
SU1751,UEEE,UUEE,B738,,6:45,,
SU651,VTBS,UNNT,"A333,B738",,6:50,,
SU824,UNNT,VTSP,B77W,,6:50,,
SU236,UUEE,VOGO,A333,,6:55,,
SU647,VTBS,UNNT,"A333,B738",,6:55,,
SU1712,UUEE,UHHH,"A359,B77W",,6:55,,
SU1718,UUEE,UHHH,"A359,B77W",,6:55,,
SU636,UNNT,VTSP,B77W,,7:00,,
SU642,VTSP,UHHH,B77W,,7:00,,
SU643,UHHH,VTSP,"B77W,A359",,7:10,,
SU216,UUEE,ZUUU,A333,,7:20,,
SU637,VTSP,UHWW,B77W,,7:20,,
SU656,UHHH,VTSP,B77W,,7:20,,
SU825,VTSP,UHWW,B77W,,7:20,,
SU1742,UUEE,UHSS,"A359,B77W",,7:20,,
SU237,VOGO,UUEE,A333,,7:25,,
SU1706,UUEE,UHWW,"A333,A359,B77W",,7:25,,
SU1702,UUEE,UHWW,"A359,B77W",,7:30,,
SU1704,UUEE,UHWW,"A359,B77W",,7:30,,
SU1786,UUEE,UHSS,A359,,7:30,,
SU657,VTSP,UHHH,B77W,,7:35,,
SU1790,UUEE,UHWW,A359,,7:35,,
SU1700,UUEE,UHWW,"A359,B77W",,7:40,,
SU1708,UUEE,UHWW,"A333,A359,B77W",,7:40,,
SU1711,UHHH,UUEE,"A333,A359,B77W",,7:45,,
SU1715,UHHH,UUEE,"A359,B77W",,7:45,,
SU1732,UUEE,UHPP,"A359,B77W",,7:45,,
SU1744,UUEE,UHSS,B77W,,7:45,,
SU1798,UUEE,UHWW,"A359,B77W",,7:45,,
SU208,UUEE,ZSPD,"A333,B77W",,7:50,,
SU250,UUEE,RKSI,B77W,,7:50,,
SU1713,UHHH,UUEE,"A359,B77W",,7:50,,
SU1730,UUEE,UHPP,"A359,B77W",,7:50,,
SU1734,UUEE,UHPP,"A359,B77W",,7:50,,
SU1736,UUEE,UHPP,B77W,,7:50,,
SU2548,UUEE,GCTS,A20N,,7:50,,
SU2549,GCTS,UUEE,A20N,,7:50,,
SU205,ZBAD,UUEE,B77W,,8:00,,
SU324,UUEE,VRMM,B77W,,8:00,,
SU626,USSS,VTSP,A333,,8:00,,
SU627,VTSP,USSS,A333,,8:00,,
SU1735,UHPP,UUEE,"A359,B77W",,8:00,,
SU320,UUEE,VRMM,"A359,B77W",,8:05,,
SU1733,UHPP,UUEE,"A359,B77W",,8:05,,
SU1745,UHSS,UUEE,B77W,,8:05,,
SU1746,UUEE,UHSS,"A333,B77W",,8:05,,
SU411,DTNH,UUEE,A333,,8:10,,
SU1709,UHWW,UUEE,"A333,A359,B77W",,8:10,,
SU1757,UHWW,UUEE,"A359,B77W",,8:10,,
SU217,ZUUU,UUEE,A333,,8:20,,
SU272,UUEE,VTSB,B77W,,8:20,,
SU1719,UHHH,UUEE,"A359,B77W",,8:20,,
SU1731,UHPP,UUEE,"A359,B77W",,8:20,,
SU1743,UHSS,UUEE,"A359,B77W",,8:20,,
SU1799,UHWW,UUEE,"A359,B77W",,8:20,,
SU270,UUEE,VTBS,B77W,,8:25,,
SU321,VRMM,UUEE,"A359,B77W",,8:25,,
SU1705,UHWW,UUEE,"A359,B77W",,8:25,,
SU1737,UHPP,UUEE,B77W,,8:25,,
SU1787,UHSS,UUEE,A359,,8:25,,
SU276,UUEE,VTSP,B77W,,8:30,,
SU1701,UHWW,UUEE,"A359,B77W",,8:30,,
SU1703,UHWW,UUEE,"A359,B77W",,8:30,,
SU1707,UHWW,UUEE,"A333,A359,B77W",,8:30,,
SU1747,UHSS,UUEE,"A333,B77W",,8:30,,
SU220,UUEE,ZGGG,B77W,,8:35,,
SU244,UUEE,FSIA,A333,,8:35,,
SU290,UUEE,VVNB,B77W,,8:35,,
SU325,VRMM,UUEE,B77W,,8:35,,
SU652,USSS,VTBS,A333,,8:35,,
SU653,VTBS,USSS,A333,,8:35,,
SU274,UUEE,VTSP,B77W,,8:40,,
SU278,UUEE,VTSP,B77W,,8:45,,
SU410,UUEE,DTNH,A333,,8:55,,
SU245,FSIA,UUEE,A333,,9:05,,
SU224,UUEE,ZJSY,A333,,9:20,,
SU251,RKSI,UUEE,B77W,,9:25,,
SU260,UUEE,RJTT,"A333,A359,B77W",,9:25,,
SU279,VTSP,UUEE,B77W,,9:25,,
SU209,ZSPD,UUEE,"A333,B77W",,9:30,,
SU212,UUEE,VHHH,A333,,9:35,,
SU271,VTBS,UUEE,B77W,,9:35,,
SU273,VTSB,UUEE,B77W,,9:35,,
SU261,RJTT,UUEE,"A333,A359,B77W",,9:45,,
SU213,VHHH,UUEE,A333,,9:50,,
SU221,ZGGG,UUEE,B77W,,9:50,,
SU275,VTSP,UUEE,B77W,,9:50,,
SU292,UUEE,VVTS,"A359,B77W",,9:50,,
SU628,ULLI,VTSP,A333,,10:00,,
SU293,VVTS,UUEE,"A359,B77W",,10:10,,
SU277,VTSP,UUEE,B77W,,10:20,,
SU291,VVNB,UUEE,B77W,,10:20,,
SU102,UUEE,KJFK,"A333,B77W",,10:30,,
SU103,KJFK,UUEE,"A333,B77W",,10:30,,
SU732,ULLI,HEGN,A333,,10:30,,
SU104,UUEE,KIAD,A333,,10:35,,
SU105,KIAD,UUEE,A333,,10:35,,
SU225,ZJSY,UUEE,A333,,10:35,,
SU246,UUEE,FIMP,B77W,,10:40,,
SU629,VTSP,ULLI,A333,,10:40,,
SU157,MDPC,UUEE,A359,,10:45,,
SU155,MUVR,UUEE,A359,,10:55,,
SU106,UUEE,KLAX,B77W,,11:00,,
SU107,KLAX,UUEE,B77W,,11:00,,
SU247,FIMP,UUEE,B77W,,11:05,,
SU154,UUEE,MUVR,A359,,12:15,,
SU156,UUEE,MDPC,A359,,12:15,,
SU297,UUEE,WADD,A359,,12:25,,
SU151,MUHA,UUEE,A359,,12:35,,
SU296,WADD,UUEE,B77W,,12:35,,
SU108,UUEE,KMIA,A359,,12:40,,
SU109,KMIA,UUEE,A359,,12:40,,
SU158,UUEE,MMUN,A359,,13:25,,
SU159,MMUN,UUEE,A359,,13:45,,
SU150,UUEE,MUHA,A359,,14:05,,